instrument_id,type,category,notional,rate,maturity_years,rate_type,market_rate,present_value,stressed_rate,stressed_present_value
A1,asset,loan,1000000,0.03,5,fixed,0.03,862608.7843841639,0.04,821927.1067593517
A2,asset,bond,500000,0.025,10,fixed,0.035,354459.4068548861,0.045000000000000005,321963.8410150215
L1,liability,deposit,800000,0.01,1,floating,0.025,780487.8048780488,0.035,772946.8599033817
L2,liability,funding,700000,0.02,3,fixed,0.028,644345.3460121253,0.038,625901.481432983
