metric,base_value,stressed_value,delta
economic_value,-207764.95965112397,-254957.3935619914,-47192.43391086743
